{"pDetails": [
      {
          "name": "Laptop",
          "price": 10000,
          "manu": "Sony",
          "image": "https://cdn.ttgtmedia.com/rms/onlineimages/hp_elitebook_mobile.jpg",
          "rating": "3.5"
      },
      {
          "name": "Mobile",
          "price": 14000,
          "manu": "Iphone",
          "image": "https://encrypted-tbn0.gstatic.com/images?q=tbn:ANd9GcRW-FN1iY2MjnEBUz8IlJ2wkq-ZntrNTrMeGw&s",
          "rating": "3.5"
      },
      {
          "name": "Pendrive",
          "price": 10000,
          "manu": "Scandisk",
          "image": "https://encrypted-tbn0.gstatic.com/images?q=tbn:ANd9GcQOEeG3Z0-kyZs-476jk9E-YOWrcNc0coq9Vg&s",
          "rating": "1"
      },
      {
          "name": "Laptop",
          "price": 2600,
          "manu": "Sony",
          "image": "https://cdn.ttgtmedia.com/rms/onlineimages/hp_elitebook_mobile.jpg",
          "rating": "2.5"
      },
      {
          "name": "Laptop",
          "price": 2600,
          "manu": "Sony",
          "image": "https://cdn.ttgtmedia.com/rms/onlineimages/hp_elitebook_mobile.jpg",
          "rating": "4"
      }]}